{"im1_pts": [[163.57272727272718, 872.6636363636367], [432.37272727272705, 816.8090909090911], [812.8818181818178, 1623.209090909091], [1046.7727272727268, 1602.2636363636364], [1367.9363636363632, 2324.8818181818183], [2073.0999999999995, 1298.5545454545454], [1542.4818181818177, 918.0454545454545], [1298.1181818181815, 1029.7545454545457]], "im2_pts": [[1675.1363636363621, 785.3909090909092], [1881.0999999999985, 736.5181818181818], [2174.336363636363, 1466.1181818181817], [2369.8272727272715, 1452.1545454545453], [2673.5363636363627, 2164.3], [3479.9363636363632, 1155.4272727272728], [2903.9363636363632, 771.4272727272728], [2642.1181818181813, 886.6272727272726]]}