{"im1_pts": [[2746.845454545454, 1857.1000000000001], [2135.9363636363632, 2003.7181818181818], [1654.1909090909085, 869.1727272727276], [3452.00909090909, 2108.4454545454546], [3682.40909090909, 1047.2090909090912], [3287.936363636363, 799.3545454545456], [2083.5727272727268, 2621.609090909091], [3057.5363636363627, 1385.8272727272729]], "im2_pts": [[1423.790909090908, 1846.6272727272728], [736.0818181818167, 2063.0636363636363], [86.77272727272612, 760.9545454545455], [2069.60909090909, 2031.6454545454546], [2209.245454545454, 1078.6272727272726], [1888.0818181818167, 816.8090909090911], [697.6818181818171, 2761.245454545455], [1703.063636363635, 1385.8272727272729]]}