{"im1_pts": [[1699.5727272727268, 970.409090909091], [2404.736363636363, 701.6090909090908], [2334.9181818181814, 2607.6454545454544], [2226.6999999999994, 945.9727272727273], [3944.2272727272716, 673.6818181818185], [3888.3727272727265, 2398.1909090909094], [2649.0999999999995, 1748.8818181818183], [2942.336363636363, 1197.318181818182]], "im2_pts": [[198.48181818181638, 911.0636363636363], [1064.2272727272712, 715.5727272727272], [969.9727272727259, 2712.3727272727274], [872.2272727272712, 945.9727272727273], [2418.699999999999, 876.1545454545458], [2373.318181818181, 2328.3727272727274], [1319.063636363635, 1811.7181818181818], [1605.318181818181, 1263.6454545454544]]}