{"im1_pts": [[1786.845454545454, 2698.409090909091], [2505.972727272727, 2010.7], [3521.827272727272, 2070.0454545454545], [3235.5727272727263, 1246.1909090909094], [3385.681818181817, 973.9000000000001], [3033.0999999999995, 1130.990909090909], [2142.9181818181814, 1787.2818181818182], [3371.718181818181, 1626.7]], "im2_pts": [[320.6636363636353, 2799.6454545454544], [1179.4272727272719, 1986.2636363636364], [2111.499999999999, 1961.8272727272727], [1863.6454545454535, 1218.2636363636366], [1999.790909090908, 980.8818181818183], [1682.1181818181803, 1113.5363636363636], [781.4636363636355, 1780.3], [1978.8454545454533, 1567.3545454545456]]}