{"im1_pts": [[3099.427272727272, 282.7000000000003], [2485.0272727272722, 750.4818181818182], [2181.3181818181815, 785.3909090909092], [2327.9363636363632, 1892.009090909091], [2589.7545454545448, 2817.1], [1699.5727272727268, 2007.209090909091], [3392.6636363636353, 1204.3000000000002], [3671.936363636363, 973.9000000000001]], "im2_pts": [[1727.499999999999, 310.62727272727307], [1123.5727272727263, 673.6818181818185], [777.9727272727259, 680.6636363636367], [976.9545454545441, 1878.0454545454545], [1235.2818181818166, 2796.1545454545453], [163.5727272727263, 2052.590909090909], [1982.3363636363629, 1200.809090909091], [2205.7545454545443, 984.3727272727274]]}